Link,Title,,,,,
https://stackoverflow.com/questions/42703500,Best way to save a trained model in PyTorch?,,,,,
https://stackoverflow.com/questions/43328632,Pytorch reshape tensor dimension,,,,,
https://stackoverflow.com/questions/42480111,Model summary in pytorch,,,,,
https://stackoverflow.com/questions/42704283,Adding L1/L2 regularization in PyTorch?,,,,,
https://stackoverflow.com/questions/44790670,Torch sum a tensor along an axis,,,,,
https://stackoverflow.com/questions/49407303,RuntimeError: Expected object of type torch.DoubleTensor but found type torch.FloatTensor for argument #2 'weight',,,,,
https://stackoverflow.com/questions/45022734,Understanding a simple LSTM pytorch,,,,,
https://stackoverflow.com/questions/48915810,PyTorch - contiguous(),,,,,
https://stackoverflow.com/questions/44717100,Pytorch: Convert FloatTensor into DoubleTensor,,,,,
https://stackoverflow.com/questions/44371560,What is the relationship between PyTorch and Torch?,,,,,
https://stackoverflow.com/questions/44875430,PyTorch - Element-wise multiplication between a variable and a tensor?,,,,,
https://stackoverflow.com/questions/47065172,Cross entropy loss in pytorch nn.CrossEntropyLoss(),,,,,
https://stackoverflow.com/questions/41861354,Loading Torch7 trained models (.t7) in PyTorch,,,,,
https://stackoverflow.com/questions/44734327,PyTorch: Extract learned weights correctly,,,,,
https://stackoverflow.com/questions/44732217,Why do we need to explicitly call zero_grad()?,,,,,
https://stackoverflow.com/questions/49036993,Pytorch softmax: What dimension to use?,,,,,
https://stackoverflow.com/questions/49390842,Cross Entropy in PyTorch,,,,,
https://stackoverflow.com/questions/44597523,Custom loss function in PyTorch,,,,,
https://stackoverflow.com/questions/48377214,"RuntimeError: dimension out of range (expected to be in range of [-1, 0], but got 1)",,,,,
https://stackoverflow.com/questions/48302810,What's the difference between hidden and output in PyTorch LSTM?,,,,,
https://stackoverflow.com/questions/50307707,Convert Pandas dataframe to PyTorch tensor?,,,,,
https://stackoverflow.com/questions/44284506,"PyTorch, nn.Sequential(), access weights of a specific module in nn.Sequential()",,,,,
https://stackoverflow.com/questions/49201236,Check the total number of parameters in a PyTorch model,,,,,
https://stackoverflow.com/questions/45384684,Replace all nonzero values by zero and all zero values by a specific value,,,,,
https://stackoverflow.com/questions/50954479,Using CUDA with pytorch?,,,,,
https://stackoverflow.com/questions/48274929,"Pytorch - RuntimeError: Trying to backward through the graph a second time, but the buffers have already been freed",,,,,
https://stackoverflow.com/questions/50718045,Resize PyTorch Tensor,,,,,
https://stackoverflow.com/questions/48158017,Pytorch Operation to detect NaNs,,,,,
https://stackoverflow.com/questions/46774641,What does the parameter retain_graph mean in the Variable's backward() method?,,,,,
https://stackoverflow.com/questions/47128044,Calculating input and output size for Conv2d in PyTorch for image classification,,,,,
https://stackoverflow.com/questions/47432168,Taking subsets of a pytorch dataset,,,,,
https://stackoverflow.com/questions/45446983,Tensor type mismatch when moving to GPU,,,,,
https://stackoverflow.com/questions/49073799,PyTorch: Testing with torchvision.datasets.ImageFolder and DataLoader,,,,,
https://stackoverflow.com/questions/47318871,ValueError: Floating point image RGB values must be in the 0..1 range. while using matplotlib,,,,,
https://stackoverflow.com/questions/43989310,Can I slice tensors with logical indexing or lists of indices?,,,,,
https://stackoverflow.com/questions/51433378,What does model.train() do in pytorch?,,,,,
https://stackoverflow.com/questions/49768306,Pytorch tensor to numpy array,,,,,
https://stackoverflow.com/questions/47312396,Pytorch AssertionError: Torch not compiled with CUDA enabled,,,,,
https://stackoverflow.com/questions/44212831,Convolutional NN for text input in PyTorch,,,,,
https://stackoverflow.com/questions/49941426,AttributeError: 'collections.OrderedDict' object has no attribute 'eval',,,,,
https://stackoverflow.com/questions/50781020,AttributeError: module 'torch' has no attribute device,,,,,
https://stackoverflow.com/questions/44461772,Creating one hot vector from indices given as a tensor,,,,,
https://stackoverflow.com/questions/51030782,why do we pack the sequences in pytorch?,,,,,
https://stackoverflow.com/questions/50999977,What does the gather function do in pytorch in layman terms?,,,,,
https://stackoverflow.com/questions/52074153,Cannot convert list to array: ValueError: only one element tensors can be converted to Python scalars,,,,,
https://stackoverflow.com/questions/44357055,PyTorch Linear layer input dimension mismatch,,,,,
https://stackoverflow.com/questions/51041128,PyTorch : predict single example,,,,,
https://stackoverflow.com/questions/41767005,Python wheels: cp27mu not supported,,,,,
https://stackoverflow.com/questions/51677788,Data Augmentation in PyTorch,,,,,
https://stackoverflow.com/questions/47483733,print exact value of tensor(floating point precision) with pytorch,,,,,
https://stackoverflow.com/questions/48151637,Pytorch: Create an boolean tensor (type: torch.ByteTensor)?,,,,,
https://stackoverflow.com/questions/44230907,KeyError: 'unexpected key module.encoder.embedding.weight in state_dict,,,,,
https://stackoverflow.com/questions/49206550,pytorch error: multi-target not supported in CrossEntropyLoss(),,,,,
https://stackoverflow.com/questions/43779500,pytorch Network.parameters() missing 1 required positional argument: 'self',,,,,
https://stackoverflow.com/questions/50424167,Concatenating two tensors with different dimensions in Pytorch,,,,,
https://stackoverflow.com/questions/47943081,pytorch PIP and CONDA error?,,,,,
https://stackoverflow.com/questions/46704352,Porting PyTorch code from CPU to GPU,,,,,
https://stackoverflow.com/questions/44428784,when is a pytorch custom function needed (rather than only a module)?,,,,,
https://stackoverflow.com/questions/48831585,LSTM in Pytorch,,,,,
https://stackoverflow.com/questions/43287476,IDE autocomplete for pytorch,,,,,
https://stackoverflow.com/questions/51807040,TypeError: tensor is not a torch image,,,,,
https://stackoverflow.com/questions/44841654,No N-dimensional tranpose in PyTorch,,,,,
https://stackoverflow.com/questions/50002543,What are transforms in PyTorch used for?,,,,,
https://stackoverflow.com/questions/49886369,KL Divergence for two probability distributions in PyTorch,,,,,
https://stackoverflow.com/questions/45121182,Indexing second dimension of Tensor using indices,,,,,
https://stackoverflow.com/questions/46944629,Why detach needs to be called on variable in this example?,,,,,
https://stackoverflow.com/questions/45519368,Any pytorch tools to monitor neural network's training?,,,,,
https://stackoverflow.com/questions/51503851,Calculate the accuracy every epoch in PyTorch,,,,,
https://stackoverflow.com/questions/44857373,Find number of non-zero elements in a tensor along an aixs,,,,,
https://stackoverflow.com/questions/50571991,Implementing Luong Attention in PyTorch,,,,,
https://stackoverflow.com/questions/48686945,reshaping a tensor with padding in pytorch,,,,,
https://stackoverflow.com/questions/50063514,Load a single image in a pretrained pytorch net,,,,,
https://stackoverflow.com/questions/48232381,Pytorch: Intermediate testing during training,,,,,
https://stackoverflow.com/questions/43080583,AttributeError: cannot assign module before Module.__init__() call,,,,,
https://stackoverflow.com/questions/44264018,"backward, grad function in pytorch",,,,,
https://stackoverflow.com/questions/44631520,subtraction of scalar from tensor yields 'inconsistent tensor size' in pytorch,,,,,
https://stackoverflow.com/questions/47488598,AttributeError: 'CrossEntropyLoss' object has no attribute 'backward',,,,,
https://stackoverflow.com/questions/44405297,Implementing Adagrad in Python,,,,,
https://stackoverflow.com/questions/44518677,tensor division in pytorch. Assertion error,,,,,
https://stackoverflow.com/questions/47813715,pytorch loss value not change,,,,,
https://stackoverflow.com/questions/49224413,Difference between 1 LSTM with num_layers = 2 and 2 LSTMs in pytorch,,,,,
https://stackoverflow.com/questions/51691563,CUDA runtime error (59) : device-side assert triggered,,,,,
https://stackoverflow.com/questions/44406819,pytorch custom layer is not a Module subclass,,,,,
https://stackoverflow.com/questions/43962599,Accuracy score in pyTorch LSTM,,,,,
https://stackoverflow.com/questions/52855843,Multi label classification in pytorch,,,,,
https://stackoverflow.com/questions/49680427,Resolved package not found,,,,,
https://stackoverflow.com/questions/53419474,nn.Dropout vs. F.dropout pyTorch,,,,,
https://stackoverflow.com/questions/42970009,Performing Convolution (NOT cross-correlation) in pytorch,,,,,
https://stackoverflow.com/questions/50753477,What does data.norm() < 1000 do in PyTorch?,,,,,
https://stackoverflow.com/questions/50856936,Taking the last state from BiLSTM (BiGRU) in PyTorch,,,,,
https://stackoverflow.com/questions/47646130,Create a nnModule that's just the identity,,,,,
https://stackoverflow.com/questions/50340016,PyTorch LSTM - using word embeddings instead of nn.Embedding(),,,,,
https://stackoverflow.com/questions/46546217,expected Double tensor (got Float tensor) in Pytorch,,,,,
https://stackoverflow.com/questions/52815264,TypeError: cannot unpack non-iterable int object,,,,,
https://stackoverflow.com/questions/48343857,What's the reason of the error ValueError: Expected more than 1 value per channel?,,,,,
https://stackoverflow.com/questions/50086577,AttributeError: 'torch.FloatTensor' object has no attribute 'item',,,,,
https://stackoverflow.com/questions/49040180,Change Tanh activation in LSTM to ReLU,,,,,
https://stackoverflow.com/questions/49821111,PyTorch Getting Custom Loss Function Running,,,,,
https://stackoverflow.com/questions/48070505,PyTorch Softmax Dimensions error,,,,,
https://stackoverflow.com/questions/47403634,transfer learning [resnet18] using PyTorch. Dataset: Dog-Breed-Identification,,,,,
https://stackoverflow.com/questions/49236571,What is the difference between softmax and log-softmax?,,,,,
https://stackoverflow.com/questions/49832739,Variable size input for LSTM in Pytorch,,,,,
https://stackoverflow.com/questions/48080000,Is it possible to implement a multilayered LSTM with LSTMCells modules in PyTorch?,,,,,
https://stackoverflow.com/questions/45673949,Error importing PyTorch - Python,,,,,
https://stackoverflow.com/questions/50168224,Does a clean and extendable LSTM implementation exists in PyTorch?,,,,,
https://stackoverflow.com/questions/47868341,Why are Embeddings in PyTorch implemented as Sparse Layers?,,,,,
https://stackoverflow.com/questions/52652214,Using TPUs with PyTorch,,,,,
https://stackoverflow.com/questions/50617917,Overflow when unpacking long - Pytorch,,,,,
https://stackoverflow.com/questions/49263588,Pytorch beginner : tensor.new method,,,,,
https://stackoverflow.com/questions/45875837,"Spyder just kernel died,restarting when I run net.forward in pytorch",,,,,
https://stackoverflow.com/questions/48402009,Given input size: (128x1x1). Calculated output size: (128x0x0). Output size is too small,,,,,
https://stackoverflow.com/questions/51818225,Pytorch RuntimeError: host_softmax not implemented for 'torch.cuda.LongTensor',,,,,
https://stackoverflow.com/questions/51129043,what's the difference between torch.Tensor() vs torch.empty() in pytorch?,,,,,
https://stackoverflow.com/questions/52922445,RuntimeError:exp not implemented for 'torch.LongTensor',,,,,
https://stackoverflow.com/questions/51179133,GPU performing slower than CPU for Pytorch on Google Colaboratory,,,,,
https://stackoverflow.com/questions/47275395,Generating new images with PyTorch,,,,,
https://stackoverflow.com/questions/49896987,PyTorch replace torch.nn.Conv2d with torch.nn.functional.conv2d,,,,,
https://stackoverflow.com/questions/45988168,Why does autograd not produce gradient for intermediate variables?,,,,,
https://stackoverflow.com/questions/49429147,Replace diagonal elements with vector in PyTorch,,,,,
https://stackoverflow.com/questions/42939708,AttributeError: module 'torch' has no attribute 'cmul',,,,,
https://stackoverflow.com/questions/48675563,Simple Pytorch Example - Loss on training doesnt decrease,,,,,
https://stackoverflow.com/questions/47645271,Automatically set cuda variables in pytorch,,,,,
https://stackoverflow.com/questions/45618655,Axes don't match array error in pytorch,,,,,
https://stackoverflow.com/questions/47417159,`for` loop to a multi dimensional array in PyTorch,,,,,
https://stackoverflow.com/questions/49816627,what is the default weight initializer for conv in pytorch?,,,,,
https://stackoverflow.com/questions/47146768,pytorch: Convert a tuple of FloatTensors into a numpy array,,,,,
https://stackoverflow.com/questions/50981714,"Multi-label, multi-class image classifier (ConvNet) with PyTorch",,,,,
https://stackoverflow.com/questions/49304817,PyTorch: Comparing predicted label and target label to compute accuracy,,,,,
https://stackoverflow.com/questions/44580450,CUDA vs. DataParallel: Why the difference?,,,,,
https://stackoverflow.com/questions/49993776,"Expected 4D tensor as input, got 2D tensor instead",,,,,
https://stackoverflow.com/questions/51858067,Parsing CSV into Pytorch tensors,,,,,
https://stackoverflow.com/questions/50896412,Channel wise CrossEntropyLoss for image segmentation in pytorch,,,,,
https://stackoverflow.com/questions/50792316,What does -1 mean in pytorch view?,,,,,
https://stackoverflow.com/questions/51773208,pytorch skip connection in a sequential model,,,,,
https://stackoverflow.com/questions/46876131,Indexing one PyTorch tensor by another using index_select,,,,,
https://stackoverflow.com/questions/47544051,When should I use nn.ModuleList and when should I use nn.Sequential?,,,,,
https://stackoverflow.com/questions/50495053,"If I'm not specifying to use CPU/GPU, which one is my script using?",,,,,
https://stackoverflow.com/questions/48796469,Mini batch training for inputs of variable sizes,,,,,
https://stackoverflow.com/questions/52317407,PyTorch autograd -- grad can be implicitly created only for scalar outputs,,,,,
https://stackoverflow.com/questions/51979554,TypeError: Cannot handle the data type in PIL Image,,,,,
https://stackoverflow.com/questions/44631628,Convert 'int' to pytorch 'Variable' makes problems,,,,,
https://stackoverflow.com/questions/49313974,Pytorch model weight type conversion,,,,,
https://stackoverflow.com/questions/50675219,Google Colab: Unable to connect to the runtime after uploading Pytorch model from local,,,,,
https://stackoverflow.com/questions/49088670,Is a torch.FloatTensor not a Tensor?,,,,,
https://stackoverflow.com/questions/51906144,Pytorch: Image label,,,,,
https://stackoverflow.com/questions/49778001,Pytorch hidden state LSTM,,,,,
https://stackoverflow.com/questions/49878836,Running through a dataloader in Pytorch using Google Colab,,,,,
https://stackoverflow.com/questions/50174230,Implementing word dropout in pytorch,,,,,
https://stackoverflow.com/questions/50412235,Reproducable Pytorch Results & Random Seeds,,,,,
https://stackoverflow.com/questions/45617017,KeyError when trying to modify pytorch-example,,,,,
https://stackoverflow.com/questions/48250053,PyTorch's dataloader too many open files error when no files should be open,,,,,
https://stackoverflow.com/questions/44264443,Why should be the function backward be called only on 1 element tensor or with gradients w.r.t to Variable?,,,,,
https://stackoverflow.com/questions/51628607,PyTorch: passing numpy array for weight initialization,,,,,
https://stackoverflow.com/questions/42866752,Why tensor.view() is not working in pytorch?,,,,,
https://stackoverflow.com/questions/48051434,Computing gradients of intermediate nodes in PyTorch,,,,,
https://stackoverflow.com/questions/49216615,Is there an efficient way to create a random bit mask in Pytorch?,,,,,
https://stackoverflow.com/questions/50878650,PyTorch custom dataset dataloader returns strings (of keys) not tensors,,,,,
https://stackoverflow.com/questions/45490215,TypeError: a float is required,,,,,
https://stackoverflow.com/questions/52092230,Indexing a multi-dimensional tensor with a tensor in PyTorch,,,,,
https://stackoverflow.com/questions/50665141,Converting a scipy coo_matrix to pytorch sparse tensor,,,,,
https://stackoverflow.com/questions/47194626,Pytorch Tensor help in LongTensor,,,,,
https://stackoverflow.com/questions/46482787,error occurs when loading data in pytorch: 'Image' object has no attribute 'shape',,,,,
https://stackoverflow.com/questions/50776548,Pytorch - Pick best probability after softmax layer,,,,,
https://stackoverflow.com/questions/51541532,Which part of Pytorch tensor represents channels?,,,,,
https://stackoverflow.com/questions/52628270,Is there any way I can download the pre-trained models available in PyTorch to a specific path?,,,,,
https://stackoverflow.com/questions/50446675,"Pytorch, can't run backward() on even the most simple network without getting an error",,,,,
https://stackoverflow.com/questions/44396749,Handling C++ arrays in Cython (with numpy and pytorch),,,,,
https://stackoverflow.com/questions/50394505,Pytorch - Stack dimension must be exactly the same?,,,,,
https://stackoverflow.com/questions/48560227,Take the average of the weights of two networks in PyTorch,,,,,
https://stackoverflow.com/questions/51448897,In Pytorch F.nll_loss() Expected object of type torch.LongTensor but found type torch.FloatTensor for argument #2 'target',,,,,
https://stackoverflow.com/questions/52213726,Pytorch saving and reloading model,,,,,
https://stackoverflow.com/questions/52513802,PyTorch softmax with dim,,,,,
https://stackoverflow.com/questions/46093577,what is the equivalent of theano.tensor.clip in pytorch?,,,,,
https://stackoverflow.com/questions/51115476,Applying convolution operation to image - PyTorch,,,,,
https://stackoverflow.com/questions/51373919,The purpose of introducing nn.Parameter in pytorch,,,,,
https://stackoverflow.com/questions/50939730,AttributeError: 'builtin_function_or_method' object has no attribute 'requires_grad',,,,,
https://stackoverflow.com/questions/46005286,pytorch inception model outputs the wrong label for every input image,,,,,
https://stackoverflow.com/questions/50635736,Custom convolution kernel and toroidal convolution in PyTorch,,,,,
https://stackoverflow.com/questions/48400225,pytorch model.cuda() runtime error,,,,,
https://stackoverflow.com/questions/52178922,Pytorch Validating Model Error: Expected input batch_size (3) to match target batch_size (4),,,,,
https://stackoverflow.com/questions/47734702,Error when upgrading PyTorch to 0.3.0,,,,,
https://stackoverflow.com/questions/47635918,torch.nn has no attribute named upsample,,,,,
https://stackoverflow.com/questions/48412696,pytorch lstm tutorial initializing Variable,,,,,
https://stackoverflow.com/questions/47096651,Elegant way to compare to torch.FloatTensor on GPU,,,,,
https://stackoverflow.com/questions/44913720,requires_grad relation to leaf nodes,,,,,
https://stackoverflow.com/questions/45353497,"Running conv2d on tensor [batch, channel, sequence, H,W] in Pytorch",,,,,
https://stackoverflow.com/questions/52030952,Can nvidia-docker be run without a GPU?,,,,,
https://stackoverflow.com/questions/51730880,Where do I get a CPU-only version of PyTorch?,,,,,
https://stackoverflow.com/questions/50045202,Quickly find indices that have values larger than a threshold in Numpy/PyTorch,,,,,
https://stackoverflow.com/questions/47493135,binarize input for pytorch,,,,,
https://stackoverflow.com/questions/49619952,"Pytorch, pipenv and numpy support?",,,,,
https://stackoverflow.com/questions/48541336,Pytorch Test Loss increases while accuracy increases,,,,,
https://stackoverflow.com/questions/52489460,Data preprocessing for custom dataset in pytorch (transform.Normalize),,,,,
https://stackoverflow.com/questions/46495978,Using Augmented Data Images in Testing,,,,,
https://stackoverflow.com/questions/47205762,Embedding 3D data in Pytorch,,,,,
https://stackoverflow.com/questions/50919752,Can't open jupyter notebook in docker,,,,,
https://stackoverflow.com/questions/48445942,PyTorch: training with GPU gives worse error than training the same thing with CPU,,,,,
https://stackoverflow.com/questions/46377599,When to use individual optimizers in PyTorch?,,,,,
https://stackoverflow.com/questions/47432905,AttributeError on variable input of custom loss function in PyTorch,,,,,
https://stackoverflow.com/questions/51266507,Product of PyTorch tensors along arbitrary axes ï¿½ï¿½ la NumPy's `tensordot`,,,,,
https://stackoverflow.com/questions/50425739,can't import torch mac,,,,,
https://stackoverflow.com/questions/47271631,Assign variable in pytorch,,,,,
https://stackoverflow.com/questions/53186736,RuntimeError: Attempting to deserialize object on CUDA device 2 but torch.cuda.device_count() is 1,,,,,
https://stackoverflow.com/questions/44743305,Re-weight the input to a neural network,,,,,
https://stackoverflow.com/questions/49583041,PyTorch: Variable data has to be a tensor -- data is already as tenors,,,,,
https://stackoverflow.com/questions/46167566,Pytorch Pre-trained RESNET18 Model,,,,,
https://stackoverflow.com/questions/52235928,PyTorch - create padded tensor from sequences of variable length,,,,,
https://stackoverflow.com/questions/47470152,torch.pow does not work,,,,,
https://stackoverflow.com/questions/46705634,RNN is not training (PyTorch),,,,,
https://stackoverflow.com/questions/48608585,Where is the len function used in PyTorch Dataset?,,,,,
https://stackoverflow.com/questions/52408753,Expected tensor for argument #1 'input' to have the same dimension,,,,,
https://stackoverflow.com/questions/51986758,Calculating Euclidian Norm in Pytorch.. Trouble understanding an implementation,,,,,
https://stackoverflow.com/questions/52945427,PyTorch: manually setting weight parameters with numpy array for GRU / LSTM,,,,,
https://stackoverflow.com/questions/47347098,torch.nn.LSTM runtime error,,,,,
https://stackoverflow.com/questions/53542974,Pytorch: Normalize Image data set,,,,,
https://stackoverflow.com/questions/44576035,python child process exit unexpectedly with exit code -9,,,,,
https://stackoverflow.com/questions/49675499,pytorch - net.cuda() seems don't work,,,,,
https://stackoverflow.com/questions/51257780,Parallel Cholesky decomposition in PyTorch GPU,,,,,
https://stackoverflow.com/questions/47553103,Pytorch: CanÕt load images using ImageFolder,,,,,
https://stackoverflow.com/questions/50930300,Training Error in PyTorch - RuntimeError: Expected object of type FloatTensor vs ByteTensor,,,,,
https://stackoverflow.com/questions/48446898,unknown resampling filter error when trying to create my own dataset with pytorch,,,,,
https://stackoverflow.com/questions/52268048,Pytorch saving and loading a VGG16 with knowledge transfer,,,,,
https://stackoverflow.com/questions/51456059,Pytorch nn.embedding error,,,,,
https://stackoverflow.com/questions/49065222,Implementing RNN and LSTM into DQN Pytorch code,,,,,
https://stackoverflow.com/questions/51782321,Understanding Bilinear Layers,,,,,
https://stackoverflow.com/questions/47494314,Load pytorch model from different working directory,,,,,
https://stackoverflow.com/questions/53128752,Error while running Convolutional Autoencoder RuntimeError: element 0 of tensors does not require grad and does not have a grad_fn,,,,,
https://stackoverflow.com/questions/52277083,Pytorch saving model UserWarning: Couldn't retrieve source code for container of type Network,,,,,
https://stackoverflow.com/questions/52213282,PyTorch Gradient Descent,,,,,
https://stackoverflow.com/questions/50701690,PyTorch Tutorial Error Training a Classifier,,,,,
https://stackoverflow.com/questions/52526082,PyTorch CUDA vs Numpy for arithmetic operations? Fastest?,,,,,
https://stackoverflow.com/questions/51490965,Pytorch Torch.save FileNotFoundError,,,,,
https://stackoverflow.com/questions/53280967,"PyTorch next(iter(training_loader)) extremely slow, simple data, can't num_workers?",,,,,
https://stackoverflow.com/questions/51605893,Why doesn't my simple pytorch network work on GPU device?,,,,,
https://stackoverflow.com/questions/43781526,"Pytorch, TypeError: object() takes no parameters",,,,,
https://stackoverflow.com/questions/47267612,Assign torch.cuda.FloatTensor,,,,,
https://stackoverflow.com/questions/48626992,Result of slicing in an empty tensor,,,,,
https://stackoverflow.com/questions/44230829,"OverflowError: (34, 'Numerical result out of range') in PyTorch",,,,,
https://stackoverflow.com/questions/50233272,Pytorch Forward Pass Changes Each Time?,,,,,
https://stackoverflow.com/questions/45837547,"What is the first parameter (gradients) of the backward method, in pytorch?",,,,,
https://stackoverflow.com/questions/53032586,"AttributeError: 'tuple' object has no attribute 'dim', when feeding input to Pytorch LSTM network",,,,,
https://stackoverflow.com/questions/43640454,Error when compiling pytorch: 'cstdint' file not found,,,,,
https://stackoverflow.com/questions/47319704,Is it possible to check if elements of a tensor are out of boundaries?,,,,,
https://stackoverflow.com/questions/51334858,Pytorch DataLoader - Choose Class STL10 Dataset,,,,,
https://stackoverflow.com/questions/50391703,Reshaping Pytorch tensor,,,,,
https://stackoverflow.com/questions/50059592,Load a single layer weights from a pretrained model,,,,,
https://stackoverflow.com/questions/47117302,Upsampling in Semantic Segmentation,,,,,
https://stackoverflow.com/questions/50480689,PyTorch - Torchvision - BrokenPipeError: [Errno 32] Broken pipe,,,,,
https://stackoverflow.com/questions/50149049,training a RNN in Pytorch,,,,,
https://stackoverflow.com/questions/49500089,Pytorch save embeddings as part of encoder class or not,,,,,
https://stackoverflow.com/questions/52015010,Pytorch DataLoader memory is not released,,,,,
https://stackoverflow.com/questions/50991189,Is there any pytorch function can combine the specific continuous dimensions of tensor into one?,,,,,
https://stackoverflow.com/questions/50710493,CIFAR-10 Meaningless Normalization Values,,,,,
https://stackoverflow.com/questions/53202440,is there any difference between matmul and usual multiplication of tensors,,,,,
https://stackoverflow.com/questions/52818145,Why pytorch DataLoader behaves differently on numpy array and list?,,,,,
https://stackoverflow.com/questions/50607516,Variational Autoencoder gives same output image for every input mnist image when using KL divergence,,,,,
https://stackoverflow.com/questions/53290306,Confusion matrix and test accuracy for PyTorch Transfer Learning tutorial,,,,,
https://stackoverflow.com/questions/53416833,"RuntimeError: Given groups=1, weight of size [64, 3, 7, 7], expected input[3, 1, 224, 224] to have 3 channels, but got 1 channels instead",,,,,
https://stackoverflow.com/questions/51586680,Linear regression with pytorch,,,,,
https://stackoverflow.com/questions/51364273,Pixel RNN Pytorch Implementation,,,,,
https://stackoverflow.com/questions/53159427,pytorch freeze weights and update param_groups,,,,,
https://stackoverflow.com/questions/45206561,PyTorch RuntimeError : Gradients are not CUDA tensors,,,,,
https://stackoverflow.com/questions/49013664,multiprocessing error with pytorch on windows 10,,,,,
https://stackoverflow.com/questions/50826644,Why do we do batch matrix-matrix product?,,,,,
https://stackoverflow.com/questions/51804692,What exactly is the definition of a 'Module' in PyTorch?,,,,,
https://stackoverflow.com/questions/50657449,Convert image to proper dimension PyTorch,,,,,
https://stackoverflow.com/questions/53201534,Calling cuda() with async results in SyntaxError,,,,,
https://stackoverflow.com/questions/49518666,Exploding loss in pyTorch,,,,,
https://stackoverflow.com/questions/51461970,PyTorch Tensors of Inputs and Labels in LSTM,,,,,
https://stackoverflow.com/questions/47499404,Why should the training label for Generator in GAN be always True?,,,,,
https://stackoverflow.com/questions/52324713,"Linear Regression with CNN using Pytorch: input and target shapes do not match: input [400 x 1], target [200 x 1]",,,,,
https://stackoverflow.com/questions/51231852,Iterating over Torchtext.data.BucketIterator object throws AttributeError 'Field' object has no attribute 'vocab',,,,,
https://stackoverflow.com/questions/53476305,AttributeError: 'tuple' object has no attribute 'log_softmax',,,,,
https://stackoverflow.com/questions/51366521,"I am trying to classify flowers with a pretrained network, but for some reason it does not train",,,,,
https://stackoverflow.com/questions/52067784,None' gradients in pytorch,,,,,
https://stackoverflow.com/questions/51717874,Why is it in Pytorch when I make a COPY of a network's weight it would be automatically updated after back-propagation?,,,,,
https://stackoverflow.com/questions/51545026,Implementing a custom dataset with PyTorch,,,,,
https://stackoverflow.com/questions/53576113,Most efficient way to use a large data set for PyTorch?,,,,,
https://stackoverflow.com/questions/51392046,Understanding PyTorch Bernoulli distribution from the documention,,,,,
https://stackoverflow.com/questions/46450040,NumPy/PyTorch extract subsets of images,,,,,
https://stackoverflow.com/questions/50054049,Lack of Sparse Solution with L1 Regularization in Pytorch,,,,,
https://stackoverflow.com/questions/50405832,Use torch.eq() only for some value in Pytorch,,,,,
https://stackoverflow.com/questions/53916594,TypeError: object of type 'numpy.int64' has no len(),,,,,
https://stackoverflow.com/questions/49104307,Indexing on axis by list in PyTorch,,,,,
https://stackoverflow.com/questions/45490265,Regression loss functions incorrect,,,,,
https://stackoverflow.com/questions/49748787,What is the benefit of random image crop on Convolutional Network?,,,,,
https://stackoverflow.com/questions/51371624,What exactly is label for image segmentation task in computer vision,,,,,
https://stackoverflow.com/questions/52224555,Use pretrained embedding in Spanish with Torchtext,,,,,
https://stackoverflow.com/questions/48244053,PyTorch: Relation between Dynamic Computational Graphs - Padding - DataLoader,,,,,
https://stackoverflow.com/questions/44815875,Apply json config file using parse_args() in pycharm,,,,,
https://stackoverflow.com/questions/51685753,AttributeError: 'Image' object has no attribute 'new' occurs when trying to use Pytorchs AlexNet Lighting preprocessing,,,,,
https://stackoverflow.com/questions/49085370,Image Captioning Example input size of Decoder LSTM Pytorch,,,,,
https://stackoverflow.com/questions/49362616,Understanding PyTorch CNN Channels,,,,,
https://stackoverflow.com/questions/51054627,PyTorch Autograd automatic differentiation feature,,,,,
https://stackoverflow.com/questions/51585298,Data loading with variable batch size?,,,,,
https://stackoverflow.com/questions/45258655,Is there a way to use an external loss function in pytorch?,,,,,
https://stackoverflow.com/questions/49965727,Is it possible to use different L1 / L2 regularization parameters for different sets of weights in chainer or pytorch?,,,,,
https://stackoverflow.com/questions/51562323,Issues with using cuda and float tensor,,,,,
https://stackoverflow.com/questions/50658111,Finding euclidean distance given an index array and a pytorch tensor,,,,,
https://stackoverflow.com/questions/50982503,Pytorch broadcasting product of two tensors,,,,,
https://stackoverflow.com/questions/52076815,pytorch - use device inside 'with statement',,,,,
https://stackoverflow.com/questions/48941208,PyTorch Sparse Tensors number of dimensions must be nDimI + nDimV,,,,,
https://stackoverflow.com/questions/47273868,Add a constant variable to a cuda.FloatTensor,,,,,
https://stackoverflow.com/questions/49445701,Understanding the code in pyTorch,,,,,
https://stackoverflow.com/questions/53010465,Bidirectional LSTM output question in PyTorch,,,,,
https://stackoverflow.com/questions/50753038,Adding modules in Pytorch Custom Module,,,,,
https://stackoverflow.com/questions/51125933,LSTM layer returns nan when fed by its own output in PyTorch,,,,,
https://stackoverflow.com/questions/48414717,Pytorch transfer learning predictions,,,,,
https://stackoverflow.com/questions/49717876,Error Utilizing Pytorch Transforms and Custom Dataset,,,,,
https://stackoverflow.com/questions/51521361,Custom Loss in Pytorch where object does not have attribute backward(),,,,,
https://stackoverflow.com/questions/52963909,Pytorch: Getting the correct dimensions for final layer,,,,,
https://stackoverflow.com/questions/51977025,Implementing Curriculum Dropout in Pytorch,,,,,
https://stackoverflow.com/questions/49178967,Copying a PyTorch Variable to a Numpy array,,,,,
https://stackoverflow.com/questions/44946190,Backpropagation without updating weights (DCGAN),,,,,
https://stackoverflow.com/questions/51895142,Pytorch LSTM - Training for Q&A classification,,,,,
https://stackoverflow.com/questions/51252221,torchtext BucketIterator minimum padding,,,,,
https://stackoverflow.com/questions/49982746,Getting diagonal matrix stripe automatically in numpy or pytorch,,,,,
https://stackoverflow.com/questions/53437666,AttributeError: 'Compose' object has no attribute 'Compose' (in Pytorch 0.2.1),,,,,
https://stackoverflow.com/questions/48577014,pytorch variable index lost one dimension,,,,,
https://stackoverflow.com/questions/50772128,Pytorch - handling picutres and .jpeg files (beginner's questions),,,,,
https://stackoverflow.com/questions/51306585,PyTorch error loading saved nn.Module: object has no attribute 'to',,,,,
https://stackoverflow.com/questions/50963295,Pytorch - Purpose of images preprocessing in the transfer learning tutorial,,,,,
https://stackoverflow.com/questions/54109617,Implementing dropout from scratch,,,,,
https://stackoverflow.com/questions/51980654,PyTorch element-wise filter layer,,,,,
https://stackoverflow.com/questions/46438877,Running a portion of Python code in parallel on two different GPUs,,,,,
https://stackoverflow.com/questions/53693999,torch.utils.data.dataloader outputs TypeError: 'module' object is not callable,,,,,
https://stackoverflow.com/questions/51909270,Is there a mistake in pytorch tutorial?,,,,,
https://stackoverflow.com/questions/48874285,Package Cuda 8 not found for PyTorch,,,,,
https://stackoverflow.com/questions/53302713,Does it differ to use optimizer.step or model.step in pytorch?,,,,,
https://stackoverflow.com/questions/53380068,Pytorch on google-colaboratory GPU - Illegal memory access,,,,,
https://stackoverflow.com/questions/51939022,Correct way to create Pytorch dataset that returns sequence of data for RNN?,,,,,
https://stackoverflow.com/questions/53051913,Modifying a pytorch tensor and then getting the gradient lets the gradient not work,,,,,
https://stackoverflow.com/questions/50541851,Is there a function in google.colab module to close the runtime,,,,,
https://stackoverflow.com/questions/52570007,too many arguments in a Pytorch custom nn module forward function,,,,,
https://stackoverflow.com/questions/52621570,pytorch out of GPU memory,,,,,
https://stackoverflow.com/questions/51348833,Dimension out of range when applying l2 normalization in Pytorch,,,,,
https://stackoverflow.com/questions/50993861,loading librispeech in pytorch for ASR,,,,,
https://stackoverflow.com/questions/52264375,Unsupported GNU version! gcc versions later than 6 are not supported! - causes importing cpp_extension,,,,,
https://stackoverflow.com/questions/51780251,Pytorch trying to make a NN received an invalid combination of arguments,,,,,
https://stackoverflow.com/questions/50231298,Loading FITS images with PyTorch,,,,,
https://stackoverflow.com/questions/52790775,Setting custom kernel for CNN in pytorch,,,,,
https://stackoverflow.com/questions/53706462,PyTorch - applying attention efficiently,,,,,
https://stackoverflow.com/questions/46963372,A proper way to adjust input size of CNN (e.g. VGG),,,,,
https://stackoverflow.com/questions/51911749,What is the difference between torch.tensor and torch.Tensor?,,,,,
https://stackoverflow.com/questions/50817964,Pytorch - Subclasses of torchvision.dataset.ImageFolder - Import Error,,,,,
https://stackoverflow.com/questions/47957458,Pytorch: CNN don't learn anything after torch.cat()?,,,,,
https://stackoverflow.com/questions/53588623,Pytorch - TypeError: 'torch.Size' object cannot be interpreted as an integer,,,,,
https://stackoverflow.com/questions/50570697,Fast way to multiple 3D tensors of shape (1,, 256) and (10,1," 256) in PyTorch and Numpy""",keras
https://stackoverflow.com/questions/47275847,PyTorch loss function evaluation,,,,,
https://stackoverflow.com/questions/52120880,Transforms not applying to the dataset,,,,,
https://stackoverflow.com/questions/50663803,Training on minibatches of varying size,,,,,
https://stackoverflow.com/questions/51701908,Issue with running a single prediction with PyTorch,,,,,
https://stackoverflow.com/questions/48815203,Reading multiple images as custom dataset for PyTorch?,,,,,
https://stackoverflow.com/questions/50196212,What is the state of the art way of doing regression with probability in pytorch,,,,,
https://stackoverflow.com/questions/53055101,Why does Pytorch expect a DoubleTensor instead of a FloatTensor?,,,,,
https://stackoverflow.com/questions/48599440,Kaggle Pytorch run length encoding,,,,,
https://stackoverflow.com/questions/47350058,Rosenbrock function with D dimension using PyTorch,,,,,
https://stackoverflow.com/questions/45225694,Is torchvision.datasets.cifar.CIFAR10 a list or not?,,,,,
https://stackoverflow.com/questions/53900396,What are Torch Scripts in PyTorch?,,,,,
https://stackoverflow.com/questions/52298179,Pytorch: List of layers returns 'optimizer got an empty parameter list',,,,,
https://stackoverflow.com/questions/51790509,Torchtext TabularDataset: data.Field doesn't contain actual imported data?,,,,,
https://stackoverflow.com/questions/51530778,Why is PyTorch called PyTorch?,,,,,
https://stackoverflow.com/questions/54188885,PyTorch - RuntimeError: bool value of Tensor with more than one value is ambiguous,,,,,
https://stackoverflow.com/questions/52994435,PyTorch: create non-fully-connected layer / concatenate output of hidden layers,,,,,
https://stackoverflow.com/questions/50847438,pytorch seq2seq encoder forward method,,,,,
https://stackoverflow.com/questions/51120540,Jupyterhub with custom singleuser image raises 'no such file or directory' for '/home/jovyan/work',,,,,
https://stackoverflow.com/questions/49512313,masking diagonal to a specific value with Torch tensors,,,,,
https://stackoverflow.com/questions/53455780,Pytorch LSTM: Target Dimension in Calculating Cross Entropy Loss,,,,,
https://stackoverflow.com/questions/51822974,Why the loss function can be apply on different size tensors,,,,,
https://stackoverflow.com/questions/53219600,Pytorch - Getting gradient for intermediate variables / tensors,,,,,
https://stackoverflow.com/questions/53389417,Is it possible to split the training DataLoader (and dataset) into training and validation datasets?,,,,,
https://stackoverflow.com/questions/46391244,CUDNN error using pretrained vgg16 model,,,,,
https://stackoverflow.com/questions/54247143,What is the difference between MLP implementation from scratch and in PyTorch?,,,,,
https://stackoverflow.com/questions/52782864,MemoryError when attempting to create a docker image with Torch/PyTorch,,,,,
https://stackoverflow.com/questions/53467011,PyTorch - multiplying tensor with scalar results in zero vector,,,,,
https://stackoverflow.com/questions/53843711,Pytorch - inference all images and back-propagate batch by batch,,,,,
https://stackoverflow.com/questions/47544151,Calculating Distance in Parameter Space for PyTorch Network,,,,,
https://stackoverflow.com/questions/50376463,Pytorch What's the difference between define layer in __init__() and directly use in forward()?,,,,,
https://stackoverflow.com/questions/53331247,Pytorch 0.4.0: There are three ways to create tensors on CUDA device. Is there some difference between them?,,,,,
https://stackoverflow.com/questions/53496570,Matrix multiplication in pyTorch,,,,,
https://stackoverflow.com/questions/53453663,Load huge image dataset and some data augmentation using Pytorch,,,,,
https://stackoverflow.com/questions/45298960,Numpy/PyTorch method for partial tiling,,,,,
https://stackoverflow.com/questions/47587122,When will the computation graph be freed if I only do forward for some samples?,,,,,
https://stackoverflow.com/questions/50471053,Input 3 and 1 channel input to the network in pytorch?,,,,,
https://stackoverflow.com/questions/49980801,PyTorch 3 reshaping error,,,,,
https://stackoverflow.com/questions/51640064,Can a Neural Network learn a simple interpolation?,,,,,
https://stackoverflow.com/questions/53463532,Auto updating custom layer parameters while backpropagating in pytorch,,,,,
https://stackoverflow.com/questions/51873797,pytorch (numpy) calculation about the closest pixels to points,,,,,
https://stackoverflow.com/questions/52361735,Perform a batch matrix - multiple weight matrices multiplications in pytorch,,,,,
https://stackoverflow.com/questions/53571621,pytorch Crossentropy error in simple example of NN,,,,,
https://stackoverflow.com/questions/46979986,deep reinforcement learning parameters and training time for a simple game,,,,,
https://stackoverflow.com/questions/51885408,Expected parameters of Conv2d,,,,,
https://stackoverflow.com/questions/50771001,Pytorch not using cuda device,,,,,
https://stackoverflow.com/questions/54411662,LSTM autoencoder always returns the average of the input sequence,,,,,
https://stackoverflow.com/questions/53500511,ValueError: expected 2D or 3D input (got 1D input) PyTorch,,,,,
https://stackoverflow.com/questions/49321725,math operator difference *= or +=,,,,,
https://stackoverflow.com/questions/52473516,Split dataset based on file names in pytorch Dataset,,,,,
https://stackoverflow.com/questions/52503695,RuntimeError: expected stride to be a single integer value,,,,,
https://stackoverflow.com/questions/47267293,Pytorch FloatClassNLLCriterion_updateOutput error,,,,,
https://stackoverflow.com/questions/53914450,Problems with LSTM model,,,,,
https://stackoverflow.com/questions/50588958,Why pytorch isn't minimizing x*x for me?,,,,,
https://stackoverflow.com/questions/53477861,Pytorch DataLoader multiple data source,,,,,
https://stackoverflow.com/questions/53622076,PyTorch optimizer.step() function doesn't update weights,,,,,
https://stackoverflow.com/questions/53639839,Why does this error pop up while working with Deep Q learning?,,,,,
https://stackoverflow.com/questions/53235440,Two-Layer Neural Network in PyTorch does not Converge,,,,,
https://stackoverflow.com/questions/46625967,PyTorch Broadcasting Failing. Rules Followed,,,,,
https://stackoverflow.com/questions/53274587,PyTorch gradient differs from manually calculated gradient,,,,,
https://stackoverflow.com/questions/50689203,Missing Weight Vectors when converting from PyTorch to CoreML via ONNX,,,,,
https://stackoverflow.com/questions/53612835,Size mismatch for fc.bias and fc.weight in PyTorch,,,,,
https://stackoverflow.com/questions/53975717,pytorch - connection between loss.backward() and optimizer.step(),,,,,
https://stackoverflow.com/questions/49447270,PyTorch forward pass using weights trained by Theano,,,,,
https://stackoverflow.com/questions/52761666,PyTorch RuntimeError Invalid argument 2 of size,,,,,
https://stackoverflow.com/questions/51751231,PyTorch - Effect of normal() initialization on gradients,,,,,
https://stackoverflow.com/questions/45005163,Why RNN need two bias vectors?,,,,,
https://stackoverflow.com/questions/51332533,Pytorch Where Does resNet add values?,,,,,
https://stackoverflow.com/questions/50546862,Do I need to make multiple instances of a neural network in PyTorch to test multiple loss functions?,,,,,
https://stackoverflow.com/questions/48527808,Loss is increasing from first epoch itself,,,,,
https://stackoverflow.com/questions/52920098,What does the underscore suffix in PyTorch functions mean?,,,,,
https://stackoverflow.com/questions/51198474,PyTorch Linear Regression Issue,,,,,
https://stackoverflow.com/questions/53667213,Implementing a many-to-many regression task,,,,,
https://stackoverflow.com/questions/54274089,RuntimeError: PyTorch does not currently provide packages for PyPI,,,,,
https://stackoverflow.com/questions/52616941,Combining Neural Networks Pytorch,,,,,
https://stackoverflow.com/questions/53691156,can't find the inplace operation: one of the variables needed for gradient computation has been modified by an inplace operation,,,,,
https://stackoverflow.com/questions/51129751,Why pytorch has two kinds of Non-linear activations?,,,,,
https://stackoverflow.com/questions/52964807,Padding in Pytorch,,,,,
https://stackoverflow.com/questions/50196608,torch.nn.embedding has run time error,,,,,
https://stackoverflow.com/questions/53710313,pytorch vgg model test on one image,,,,,
https://stackoverflow.com/questions/51761806,Is it possible to create a FIFO queue with pyTorch?,,,,,
https://stackoverflow.com/questions/53732300,PyTorch - Incorrect labeling using torchvision.datasets.ImageFolder,,,,,
https://stackoverflow.com/questions/53538138,Save and load checkpoint pytorch,,,,,
https://stackoverflow.com/questions/53475803,Understanding the softmax output layer of RNN,,,,,
https://stackoverflow.com/questions/49707613,PyTorch - WSD using LSTM,,,,,
https://stackoverflow.com/questions/47461625,torch.addmm received an invalid combination of arguments,,,,,
https://stackoverflow.com/questions/53507039,Row-wise Element Indexing in PyTorch for C++,,,,,
https://stackoverflow.com/questions/50511212,Pytorch simple text generator not working and loss keeps diverging,,,,,
https://stackoverflow.com/questions/53593363,Train SqueezeNet model using MNIST dataset Pytorch,,,,,
https://stackoverflow.com/questions/51620964,Understanding PyTorch prediction,,,,,
https://stackoverflow.com/questions/53503234,PyTorch - parameters not changing,,,,,
https://stackoverflow.com/questions/50454645,RuntimeError: inconsistent tensor sizes at /pytorch/torch/lib/TH/generic/THTensorMath.c:2864,,,,,
https://stackoverflow.com/questions/53197659,Pytorch passing PackSequence argument to LSTM,,,,,
https://stackoverflow.com/questions/52096123,Torchtext BucketIterator wrapper from tutorial produces SyntaxError,,,,,
https://stackoverflow.com/questions/53628940,Differences between `torch.Tensor` and `torch.cuda.Tensor`,,,,,
https://stackoverflow.com/questions/51702669,Make personnal Dataloader with PYTORCH,,,,,
https://stackoverflow.com/questions/50438738,Byte Embedding in mLSTM Conceptual Struggle,,,,,
https://stackoverflow.com/questions/54052653,"pytorch:RuntimeError: dimension out of range (expected to be in range of [-1, 0], but got 1)",,,,,
https://stackoverflow.com/questions/51140927,what is uninitialized data in pytorch.empty function,,,,,
https://stackoverflow.com/questions/53479315,"Munging PyTorch's tensor shape from (C, B, H) to (B, C*H)",,,,,
https://stackoverflow.com/questions/50327342,Change values inside a Pytorch 3D tensor,,,,,
https://stackoverflow.com/questions/52964395,What are the default values of kernel size and padding in pytorch?,,,,,
https://stackoverflow.com/questions/54509150,More efficient way of implement this equation in pytorch (or Numpy),,,,,
https://stackoverflow.com/questions/51759566,Why does pytorch F.mse_loss behave differently w.r.t. Tensor and Parameter?,,,,,
https://stackoverflow.com/questions/53546141,Plot the derivative of a function with PyTorch?,,,,,
https://stackoverflow.com/questions/46382732,n*m*3 input image to an nxm label in PyTorch,,,,,
https://stackoverflow.com/questions/53975352,Using expand_dims in pytorch,,,,,
https://stackoverflow.com/questions/53339224,pytorch save a minibatch of 4D tensor as images,,,,,
https://stackoverflow.com/questions/53980031,PyTorch custom loss function,,,,,
https://stackoverflow.com/questions/52738146,XOR neural network does not learn,,,,,
https://stackoverflow.com/questions/50826045,pytorch 0.4.0 broadcasting doesn't work in optimizer,,,,,
https://stackoverflow.com/questions/53201921,torch.Tensor() with requires_grad parameter,,,,,
https://stackoverflow.com/questions/53652015,Unexpected increase in validation error in MNIST Pytorch,,,,,
https://stackoverflow.com/questions/53332663,Torchvision 0.2.1 transforms.Normalize does not work as expected,,,,,
https://stackoverflow.com/questions/50762466,Debugging GAN covergence error,,,,,
https://stackoverflow.com/questions/51631155,"Pytorch: NN function approximator, 2 in 1 out",,,,,
https://stackoverflow.com/questions/52946435,Pytorch (0.4.1) can not find GPU (Nvidia V100),,,,,
https://stackoverflow.com/questions/50605205,PyTorch equivalent of index_add_ that takes the maximum instead,,,,,
https://stackoverflow.com/questions/49545988,Pytorch errors when given numpy integer types only in python 3 (not in python 2),,,,,
https://stackoverflow.com/questions/51433741,Rearranging a 3-D array using indices from sorting?,,,,,
https://stackoverflow.com/questions/51639141,Cloud Storage Buckets for PyTorch,,,,,
https://stackoverflow.com/questions/53331540,Accumulating Gradients,,,,,
https://stackoverflow.com/questions/51743214,Is .data still useful in pytorch?,,,,,
https://stackoverflow.com/questions/49931756,Is there analog of theano.tensor.switch in pytorch?,,,,,
https://stackoverflow.com/questions/52673610,Printing all the contents of a tensor,,,,,
https://stackoverflow.com/questions/48729473,Error when implementing RBF kernel bandwidth differentiation in Pytorch,,,,,
https://stackoverflow.com/questions/52730405,Does PyTorch seed affect dropout layers?,,,,,
https://stackoverflow.com/questions/44577501,AttributeError in creating module,,,,,
https://stackoverflow.com/questions/54085357,Expect FloatTensors but got LongTensors in MNIST-like task,,,,,
https://stackoverflow.com/questions/53273662,Pytorch. Can autograd be used when the final tensor has more than a single value in it?,,,,,
https://stackoverflow.com/questions/51531007,Is input a keyword that causes errors when used as a parameter name (in PyTorch)?,,,,,
https://stackoverflow.com/questions/53732209,torch in-place operations to save memory (softmax),,,,,
https://stackoverflow.com/questions/53927358,pytorch - Where is ï¿½ï¿½ï¿½ï¿½ï¿½ï¿½ï¿½conv1dï¿½ï¿½ï¿½ï¿½,,,,,
https://stackoverflow.com/questions/48830857,Google Ngram Viewer - English One Million,,,,,
https://stackoverflow.com/questions/46624247,"Jupyter Kernel crash/dies when use large Neural Network layer, any idea pls?",,,,,
https://stackoverflow.com/questions/53615833,Copy GpuMat to CUDA Tensor,,,,,
https://stackoverflow.com/questions/54307225,What's the difference between torch.stack() and torch.cat() functions?,,,,,
https://stackoverflow.com/questions/48370286,Pytorch: Updating numpy array not updating the corresponding tensor,,,,,
https://stackoverflow.com/questions/47311570,Fine Tuning dimensionality error,,,,,
https://stackoverflow.com/questions/51353066,what does colon wrapped class mean in python comment?,,,,,
https://stackoverflow.com/questions/50073402,Is it possible to view the code of a torch pretrained network,,,,,
https://stackoverflow.com/questions/53899272,Is my custom loss function correct? (Pytorch),,,,,
https://stackoverflow.com/questions/52171143,Coreml model float input for a pytorch model,,,,,
https://stackoverflow.com/questions/53743498,KeyError: filename 'storages' not found,,,,,
https://stackoverflow.com/questions/50686080,"Beta Distribution in PyTorch for a, b>1?",,,,,
https://stackoverflow.com/questions/50541672,Getting multiprocessing lock error when running vizdoom and pytorch program on Windows Subsystem for Linux,,,,,
https://stackoverflow.com/questions/53990652,what is the first initialized weight in pytorch convolutional layer,,,,,
https://stackoverflow.com/questions/52384628,Compile PyTorch with additional linker options,,,,,
https://stackoverflow.com/questions/53995708,axes don't match array in pytorch,,,,,
https://stackoverflow.com/questions/53745454,Are there any computational efficiency differences between nn.functional() Vs nn.sequential() in PyTorch,,,,,
https://stackoverflow.com/questions/51893903,Custom NN architecture using Pytorch,,,,,
https://stackoverflow.com/questions/47145683,"Error reading images with pandas (+pyTorch,scikit)",,,,,
https://stackoverflow.com/questions/52143583,pytorch where is Embedding max_norm implemented?,,,,,
https://stackoverflow.com/questions/51851966,pytorch .stack final shape after .squeeze,,,,,
https://stackoverflow.com/questions/53673575,in-place shuffle torch.Tensor in the order of a numpy.ndarray,,,,,
https://stackoverflow.com/questions/51198135,"(Single Layer) Perceptron in PyTorch, bad convergence",,,,,
https://stackoverflow.com/questions/47642014,Reshaping 2 numpy dimensions into one with zipping?,,,,,
https://stackoverflow.com/questions/49723034,pytorch doesn't give expected output,,,,,
https://stackoverflow.com/questions/49115560,Issue training RNN model with pytorch with trivial goal,,,,,
https://stackoverflow.com/questions/48869836,Why unintialized tensor in Pytorch have initial values?,,,,,
https://stackoverflow.com/questions/47874207,Strange behaviour in PyTorch,,,,,
https://stackoverflow.com/questions/54166206,grad_outputs in torch.autograd.grad (CrossEntropyLoss),,,,,
https://stackoverflow.com/questions/53803889,Siamese Neural Network in Pytorch,,,,,
https://stackoverflow.com/questions/52217422,"Setting custom loss causes RuntimeError: Variable data has to be a tensor, but got Variable in Pytorch",,,,,
https://stackoverflow.com/questions/52102692,What dtype should I use for PyTorch parameters in a neural network that inputs and outputs arrays of integers?,,,,,
https://stackoverflow.com/questions/53471716,Index pytorch 4d tensor by values in 2d tensor,,,,,
https://stackoverflow.com/questions/47151826,Pytorch-tutorial: Strange input argument in class definition,,,,,
https://stackoverflow.com/questions/51152088,OpenNMT issue with PyTorch: .copy_ function not clear behavior,,,,,
https://stackoverflow.com/questions/52780559,"Outer sum, etc. in pytorch",,,,,
https://stackoverflow.com/questions/53802453,Pytorch PPO implementation is not learning,,,,,
https://stackoverflow.com/questions/52969995,usage about rnn.pack_padded_sequence,,,,,
https://stackoverflow.com/questions/54095351,"In PyTorch, what makes a tensor have non-contiguous memory?",,,,,
https://stackoverflow.com/questions/53157978,coverting roi pooling in pytorch to nn layer,,,,,
https://stackoverflow.com/questions/53660465,VSCode bug with PyTorch DataLoader?,,,,,
https://stackoverflow.com/questions/54155969,pytorch instance tensor not moved to gpu even with explicit cuda() call,,,,,
https://stackoverflow.com/questions/52697871,what does THCudaTensor_data ( and THC in general ) do?,,,,,
https://stackoverflow.com/questions/44951963,Why does an attribute has a method?,,,,,
https://stackoverflow.com/questions/54047725,Gradually decay the weight of loss function,,,,,
https://stackoverflow.com/questions/54257695,Pytorch errors: received an invalid combination of arguments in Jupyter Notebook,,,,,
https://stackoverflow.com/questions/50502700,"Tips or patterns for reshaping 4D/5D arrays, (videos to frames)",,,,,
https://stackoverflow.com/questions/54518808,PyTorch weak_script_method decorator,,,,,
https://stackoverflow.com/questions/53894496,Traceback (most recent call last) in Colab when looping through dataloader in pytorch,,,,,
https://stackoverflow.com/questions/53735130,Setting dimensions of layers in a convolutional neural network,,,,,
https://stackoverflow.com/questions/51515819,Accessing reduced dimensionality of trained autoencoder,,,,,
https://stackoverflow.com/questions/52374062,Changing the np array does not change the Torch Tensor automatically?,,,,,
https://stackoverflow.com/questions/54200785,Torch C++: Getting the value of a int tensor by using *.data<int>(),,,,,
https://stackoverflow.com/questions/52698444,Minimize angle in pytorch,,,,,
https://stackoverflow.com/questions/51965539,Making a prediction from a trained convolution network,,,,,
https://stackoverflow.com/questions/50750463,Gradient error when calculating - pytorch,,,,,
https://stackoverflow.com/questions/53693431,PyTorch - loading images without sub folders,,,,,
https://stackoverflow.com/questions/54389944,Why does gpytorch seem to be less accurate than scikit-learn?,,,,,
https://stackoverflow.com/questions/50777675,Pytorch - meaning of a command in a basic forward pass,,,,,
https://stackoverflow.com/questions/53549717,Pytorch Loading two Images from Dataloader,,,,,
https://stackoverflow.com/questions/49731792,Get all 2D diagonals of a 3D tensor in numpy,,,,,
https://stackoverflow.com/questions/44614977,Is Torch7 defined-by-run like Pytorch?,,,,,
https://stackoverflow.com/questions/53974351,PyTorch Getting Started example not working,,,,,
https://stackoverflow.com/questions/54445471,AND-gate with Pytorch,,,,,
https://stackoverflow.com/questions/53686052,Appending a recurrent layer to PyTorch LSTM model with different hidden size,,,,,
https://stackoverflow.com/questions/51911447,PyTorch: Image dimension issue,,,,,
https://stackoverflow.com/questions/53924868,Indexing a batched set of images,,,,,
https://stackoverflow.com/questions/54408973,name '_C' is not defined pytorch+jupyter notebook,,,,,
https://stackoverflow.com/questions/53899746,Pytorch select tensor,,,,,
https://stackoverflow.com/questions/53768796,inputing numpy array images into pytorch neural net,,,,,
https://stackoverflow.com/questions/52428472,TypeError: unhashable type: 'list' when calling .iloc(),,,,,
https://stackoverflow.com/questions/53810497,IndexError when iterating my dataset using Dataloader in PyTorch,,,,,
https://stackoverflow.com/questions/51943308,What is this attribute syntax in Python?,,,,,
https://stackoverflow.com/questions/51124101,Why a larger neural network back-propagate faster than a smaller one,,,,,
https://stackoverflow.com/questions/54662984,Pytorch: Why loss functions are implemented both in nn.modules.loss and nn.functional module?,,,,,
https://stackoverflow.com/questions/54380830,Pytorch RuntimeError: Invalid index in gather,,,,,
https://stackoverflow.com/questions/53683116,Can pytorch's autograd handle torch.cat?,,,,,
https://stackoverflow.com/questions/54058256,RuntimeError: Error(s) in loading state_dict for ResNet:,,,,,
https://stackoverflow.com/questions/49103096,where is the definition of _cudnn_convolution_full_forward in pytorch,,,,,
https://stackoverflow.com/questions/54218604,"size mismatch, m1: [3584 x 28], m2: [784 x 128] at /pytorch/aten/src/TH/generic/THTensorMath.cpp:940",,,,,
https://stackoverflow.com/questions/53875065,Summing contiguous non zero tensor values,,,,,
https://stackoverflow.com/questions/54275436,Applying any optimization causes values to be NaN,,,,,
https://stackoverflow.com/questions/54387686,"when training simple code of pytorch, cpu ratio increased. GPU is 0% approximately",,,,,
https://stackoverflow.com/questions/51637854,Model taking long time to train,,,,,
https://stackoverflow.com/questions/53820175,Error when converting PyTorch model to TorchScript,,,,,
https://stackoverflow.com/questions/54054163,Index pytorch tensor with different dimension index array,,,,,
https://stackoverflow.com/questions/49882518,Pytorch function name demystification: gels for least squares estimation,,,,,
https://stackoverflow.com/questions/54566209,LSTM's expected hidden state dimensions doesn't take batch size into account,,,,,
https://stackoverflow.com/questions/54354465,Impact of using data shuffling in Pytorch dataloader,,,,,
https://stackoverflow.com/questions/54248646,Model parameter initialization,,,,,
https://stackoverflow.com/questions/48849715,ouputs in semantic segmentation task,,,,,
https://stackoverflow.com/questions/53711360,Can I input a Byte Tensor to my RNN/LSTM model?,,,,,
https://stackoverflow.com/questions/54621042,simple CNN model training using CIFAR-10 dataset STUCK at a low accuracy,,,,,
https://stackoverflow.com/questions/53559671,What transformation do I need to do in order to run dataset through neural network?,,,,,
https://stackoverflow.com/questions/53794900,saving and loading pytorch neural nets,,,,,
https://stackoverflow.com/questions/51919621,Multiple matrix multiplication loses weight updates,,,,,
https://stackoverflow.com/questions/54662346,Confused about torch.nn.Sequential,,,,,
https://stackoverflow.com/questions/52922401,pytorch modify array with list of indices,,,,,
https://stackoverflow.com/questions/53317618,Pytorch 0.4: Should the requires_grad flag of the network input be set to True during training?,,,,,
https://stackoverflow.com/questions/54032221,What does the & operator do in PyTorch and why does it change the shape?,,,,,
https://stackoverflow.com/questions/54519830,Best practices for exploration/exploitation in Reinforcement Learning,,,,,
https://stackoverflow.com/questions/54546058,Element wise calculation breaks autograd,,,,,
https://stackoverflow.com/questions/53367049,F.relu(self.fc1(x)) is causing RuntimeError problem,,,,,
https://stackoverflow.com/questions/52111149,Why filters do not learn same features,,,,,
https://stackoverflow.com/questions/51845675,PyTorch LSTM States,,,,,
https://stackoverflow.com/questions/54321678,PIL image resize change the value of pixel?,,,,,
https://stackoverflow.com/questions/48055762,Unknown Python syntax in PyTorch: a instance can directly receive a parameter,,,,,
https://stackoverflow.com/questions/54316053,Update step in PyTorch implementation of Newton's method,,,,,
https://stackoverflow.com/questions/53807071,Unexpected result of convolution operation,,,,,
https://stackoverflow.com/questions/54334829,Test set accuracy is very high after very few epochs on mnist dataset,,,,,
https://stackoverflow.com/questions/51032181,Getting different output in the Pytorch NLP example Part-of-Speech Tagging,,,,,
https://stackoverflow.com/questions/52454828,Training on variable length data - EEG data classification,,,,,
https://stackoverflow.com/questions/54718662,CoreML: creating a custom layer for ONNX RandomNormal,,,,,
https://stackoverflow.com/questions/53401319,PyTorch DataLoader and Parallelism,,,,,
https://stackoverflow.com/questions/54059953,"I can't adapt my dataset to VGG-net, getting size mismatch",,,,,
https://stackoverflow.com/questions/52637211,Find all ReLU layer in a torchvision model,,,,,
https://stackoverflow.com/questions/54064934,Gradient disappearing after first epoch in manual linear regression,,,,,
https://stackoverflow.com/questions/54239125,pytorch : unable to understand model.forward function,,,,,
https://stackoverflow.com/questions/54699201,PyTorch VAE fails conversion to onnx,,,,,
https://stackoverflow.com/questions/54361763,Pytorch: Why is the memory occupied by the `tensor` variable so small?,,,,,
https://stackoverflow.com/questions/53725125,PRelue is not supperted with mmdnn?,,,,,
https://stackoverflow.com/questions/54568113,Result of auto-encoder dimensions are incorrect,,,,,
https://stackoverflow.com/questions/54273680,Strange behavior of linear regression in PyTorch,,,,,
https://stackoverflow.com/questions/54469928,Pytorch - Are gradients transferred on creation of new Variables?,,,,,
https://stackoverflow.com/questions/53621440,Auto-encoder for vector encodings,,,,,
https://stackoverflow.com/questions/52455658,Getting rid of maxpooling layer causes running cuda out memory error pytorch,,,,,
https://stackoverflow.com/questions/54355067,Unable to get an image in the output when using MNIST Database using Pytorch,,,,,
https://stackoverflow.com/questions/51183040,Is it possible to see the read data of a pytorchtext.data.Tabulardataset?,,,,,
https://stackoverflow.com/questions/54467696,Error with _DataLoaderIter in torch.utils.data.dataloader,,,,,
https://stackoverflow.com/questions/54057338,Weight decay loss,,,,,
https://stackoverflow.com/questions/53360596,"Pytorch Index a tensor of [n*n*3] by two tensors of size[n,n]",,,,,
https://stackoverflow.com/questions/54053256,Pytorch: AttributeError: cannot assign module before Module.__init__() call even if initialized,,,,,
https://stackoverflow.com/questions/54553388,Have I implemented implemenation of learning rate finder correctly?,,,,,
https://stackoverflow.com/questions/52789086,Odd behaviour of out argument in torch.empty(),,,,,
https://stackoverflow.com/questions/54143427,Why listing model components in pyTorch is not useful?,,,,,
https://stackoverflow.com/questions/52665476,CNN weights at input image location,,,,,
https://stackoverflow.com/questions/53814772,Copying data from one tensor to another using bit masking,,,,,
https://stackoverflow.com/questions/54083220,Why does this semantic segmentation network have no softmax classification layer in Pytorch?,,,,,
https://stackoverflow.com/questions/54655604,Expected input to torch Embedding layer with pre_trained vectors from gensim,,,,,
https://stackoverflow.com/questions/54364457,os.mknod returns [error38] function not implemented in google colab,,,,,
https://stackoverflow.com/questions/54403933,RuntimeError: Expected a Tensor of type torch.FloatTensor but found a type torch.IntTensor for sequence element,,,,,
https://stackoverflow.com/questions/50888863,F.conv2d stuck on my CentOS,,,,,
https://stackoverflow.com/questions/54444630,Application of nn.Linear layer in pytorch on additional dimentions,,,,,
https://stackoverflow.com/questions/54682457,requires_grad of params is True even with torch.no_grad(),,,,,
https://stackoverflow.com/questions/53624766,Updating pre-trained Deep Learning model with respect to new data points,,,,,
https://stackoverflow.com/questions/53452049,understanding seed of a ByteTensor in PyTorch,,,,,
https://stackoverflow.com/questions/54636288,PyTorch: accuracy of validation set greater than 100% during training,,,,,
https://stackoverflow.com/questions/54485815,"PyTorch: Is there a way to store model in CPU ram, but run all operations on the GPU for large models?",,,,,
https://stackoverflow.com/questions/53721444,Will pytorch performs correctly with python calculate codes in net?,,,,,
https://stackoverflow.com/questions/53463156,Sparse tensors to decrease training time,,,,,
https://stackoverflow.com/questions/51364416,CNN weights getting stuck,,,,,
https://stackoverflow.com/questions/53916510,Pytorch not recognizing directory for dataset,,,,,
https://stackoverflow.com/questions/53695105,Why we need image.to('CUDA') when we have model.to('CUDA'),,,,,
https://stackoverflow.com/questions/54544986,Need to change GPU option to CPU in a python pytorch based code,,,,,
https://stackoverflow.com/questions/52532914,pytorch passing architecture type with argprse,,,,,
https://stackoverflow.com/questions/52516212,tensor - box plot from a tensor,,,,,
https://stackoverflow.com/questions/54193209,Pytorch detach() function failed to be excuated on different GPU severs,,,,,
https://stackoverflow.com/questions/53813636,"vgg probability doesn't add up to 1, pytorch",,,,,
https://stackoverflow.com/questions/54650423,pytorch torch.jit.trace returns function instead of torch.jit.ScriptModule,,,,,
https://stackoverflow.com/questions/54417736,PyTorch runtime error : invalid argument 0: Sizes of tensors must match except in dimension 1,,,,,
https://stackoverflow.com/questions/54607530,When to use learning rate finder,,,,,
https://stackoverflow.com/questions/54678896,Pytorch ValueError: optimizer got an empty parameter list,,,,,
https://stackoverflow.com/questions/54621447,Using a generator with pickled data in a Dataloader for PyTorch,,,,,
https://stackoverflow.com/questions/54479547,Can we use pytorch scatter_ on GPU,,,,,
https://stackoverflow.com/questions/53768085,What does it mean if a deeper conv layer converges first?,,,,,
https://stackoverflow.com/questions/53350810,"Why is this function parameter identical in every invocation, despite passing different value? (Creating closures in a loop)",,,,,
https://stackoverflow.com/questions/54310861,Pytorch median - is it bug or am I using it wrong,,,,,
https://stackoverflow.com/questions/54319419,Size mismatch error with PyTorch toturial,,,,,
https://stackoverflow.com/questions/54640906,Torch Dataset Looping too far,,,,,
https://stackoverflow.com/questions/54578255,Pytorch - store weight updates for momemntum,,,,,
https://stackoverflow.com/questions/54028810,Selection/Filter with indices using pytorch,,,,,
https://stackoverflow.com/questions/53890913,Is there a way to see what's going wrong with a training session in Pytorch?,,,,,
https://stackoverflow.com/questions/53179255,Question about terminology used in LSTM inputs - seq_length vs context_size for sliding window approach,,,,,